SharePoint Item Index,Job Number,Released Project Folder,Classification,Source
"0","00000","00000-00_REP_NOM PROJET","Template","XNRGY SharePoint > Documents > Released Projects"
"1","10000","10000-01_TRS_Charlotte Pipe & Foundry","Job / project folder","XNRGY SharePoint > Documents > Released Projects"
"2","10002","10002-01_TRS_Yamaha GA","Job / project folder","XNRGY SharePoint > Documents > Released Projects"
"3","10005","10005-01_ATS_Demo Cube","Job / project folder","XNRGY SharePoint > Documents > Released Projects"
"4","10009","10009-01_ATS_Corner Piece","Job / project folder","XNRGY SharePoint > Documents > Released Projects"
"5","10010","10010-02_ATC_Fox Tower","Job / project folder","XNRGY SharePoint > Documents > Released Projects"
"6","10011","10011-01_ITC_CISSS Chaudière","Job / project folder","XNRGY SharePoint > Documents > Released Projects"
"7","10012","10012-01_NAP_Elektrofi Lab","Job / project folder","XNRGY SharePoint > Documents > Released Projects"
"8","10013","10013-04_ATS_100 Light St","Job / project folder","XNRGY SharePoint > Documents > Released Projects"
"9","10014","10014-01_NAP_IDB Lab Conversion - BLDG 21+23+25 Phase 1A EAHU","Job / project folder","XNRGY SharePoint > Documents > Released Projects"
"10","10015","10015-01_NAP_IDB BLDG 21+23+25 MAU-2","Job / project folder","XNRGY SharePoint > Documents > Released Projects"
"11","10017","10017-01_NAP_St.Sebastian's School","Job / project folder","XNRGY SharePoint > Documents > Released Projects"
"12","10018","10018-01_SRS_1585 Broadway","Job / project folder","XNRGY SharePoint > Documents > Released Projects"
"13","10019","10019-03_TRN_Camosun College","Job / project folder","XNRGY SharePoint > Documents > Released Projects"
"14","10020","10020-03_ATC_651 Gateway","Job / project folder","XNRGY SharePoint > Documents > Released Projects"
"15","10021","10021-04_ATC_ACLS - Millbrae Station Building 1,2,3","Job / project folder","XNRGY SharePoint > Documents > Released Projects"
"16","10022","10022-02_ATC_UCB Gateway Building","Job / project folder","XNRGY SharePoint > Documents > Released Projects"
"17","10023","10023-01_SRS_Maimonides Medical Center","Job / project folder","XNRGY SharePoint > Documents > Released Projects"
"18","10024","10024-12_ATS_JHH - CMSC+NTA Repurposing","Job / project folder","XNRGY SharePoint > Documents > Released Projects"
"19","10025","10025-03_ATS_JHUSOM - Wood BSB","Job / project folder","XNRGY SharePoint > Documents > Released Projects"
"20","10026","10026-02_ITC_CHAUR Trois-Rivières","Job / project folder","XNRGY SharePoint > Documents > Released Projects"
"21","10028","10028-04_ATC_Berkeley Commons","Job / project folder","XNRGY SharePoint > Documents > Released Projects"
"22","10030","10030-02_ITC_Sunchef Anjou","Job / project folder","XNRGY SharePoint > Documents > Released Projects"
"23","10031","10031-84_TRS_Project Spartanburg","Job / project folder","XNRGY SharePoint > Documents > Released Projects"
"24","10032","10032-03_NEAP_BLDG 21+23+25 Phase 1B EAHU","Job / project folder","XNRGY SharePoint > Documents > Released Projects"
"25","10033","10033-03_ICS_UM Herbert Wellness","Job / project folder","XNRGY SharePoint > Documents > Released Projects"
"26","10034","10034-02_NAP_Union Square Sommerville","Job / project folder","XNRGY SharePoint > Documents > Released Projects"
"27","10036","10036-08_EIS_Florida Panthers Arena","Job / project folder","XNRGY SharePoint > Documents > Released Projects"
"28","10037","10037-01_ITC_Hopital St-Jérôme","Job / project folder","XNRGY SharePoint > Documents > Released Projects"
"29","10038","10038-01_TRN_SHXWAY Cultural Centre","Job / project folder","XNRGY SharePoint > Documents > Released Projects"
"30","10039","10039-01_TBC_Hurlburt","Job / project folder","XNRGY SharePoint > Documents > Released Projects"
"31","10040","10040-01_NAP_Mass Bay Community College","Job / project folder","XNRGY SharePoint > Documents > Released Projects"
"32","10041","10041-01_ENV_Mayo Johnson Medical Center","Job / project folder","XNRGY SharePoint > Documents > Released Projects"
"33","10042","10042_ICS_Jackson Memorial Hospital DTC 4th Floor Buildout","Job / project folder","XNRGY SharePoint > Documents > Released Projects"
"34","10044","10044-03_ATC_1255 Battery Levi's Plaza","Job / project folder","XNRGY SharePoint > Documents > Released Projects"
"35","10045","10045-01_AES_Highland Creek Treatment Plant","Job / project folder","XNRGY SharePoint > Documents > Released Projects"
"36","10047","10047-02_ITC_Projet de la Gare - VRV Housing","Job / project folder","XNRGY SharePoint > Documents > Released Projects"
"37","10052","10052-01_ITC_École des Constellations 1","Job / project folder","XNRGY SharePoint > Documents > Released Projects"
"38","10053","10053-01_NAP_Ipsen","Job / project folder","XNRGY SharePoint > Documents > Released Projects"
"39","10054","10054-02_TBC_Rockwool - KTG Air Wash","Job / project folder","XNRGY SharePoint > Documents > Released Projects"
"40","10055","10055-02_NEAP_200 Staples","Job / project folder","XNRGY SharePoint > Documents > Released Projects"
"41","10057","10057-04_ITC_École Christ-Roi","Job / project folder","XNRGY SharePoint > Documents > Released Projects"
"42","10058","10058-01_ICS_BHSF - Bethesda CEP","Job / project folder","XNRGY SharePoint > Documents > Released Projects"
"43","10059","10059-03_NEAP_440 Rutherford","Job / project folder","XNRGY SharePoint > Documents > Released Projects"
"44","10060","10060-04_CMS_Yakima Valley School","Job / project folder","XNRGY SharePoint > Documents > Released Projects"
"45","10061","10061-01_NEAP_MGH","Job / project folder","XNRGY SharePoint > Documents > Released Projects"
"46","10062","10062-01_NAP_NWH AHU-12","Job / project folder","XNRGY SharePoint > Documents > Released Projects"
"47","10063","10063-01_NAP_NWH - Clinical Lab Equipment Replacement - AHU-19","Job / project folder","XNRGY SharePoint > Documents > Released Projects"
"48","10065","10065-03_TRS_Pardee Hospital Fan Array","Job / project folder","XNRGY SharePoint > Documents > Released Projects"
"49","10066","10066-10_NAP_Josiah Quincy Upper School","Job / project folder","XNRGY SharePoint > Documents > Released Projects"
"50","10067","10067-01_NEAP_IDB Phase 1B - MAU-7,8","Job / project folder","XNRGY SharePoint > Documents > Released Projects"
"51","10068","10068-01_ITC_Corem LSA","Job / project folder","XNRGY SharePoint > Documents > Released Projects"
"52","10069","10069-01_TRN_Sabina Mine","Job / project folder","XNRGY SharePoint > Documents > Released Projects"
"53","10070","10070-14_TRN_Sabina Gold and Silver","Job / project folder","XNRGY SharePoint > Documents > Released Projects"
"54","10071","10071-01_TRN_Vancouver Airport Authority","Job / project folder","XNRGY SharePoint > Documents > Released Projects"
"55","10072","10072-01_ITC_280 Cabinetterie","Job / project folder","XNRGY SharePoint > Documents > Released Projects"
"56","10073","10073-01_TRS_Drinking Water Compliance Lab","Job / project folder","XNRGY SharePoint > Documents > Released Projects"
"57","10074","10074-06_NAP_60 GUEST","Job / project folder","XNRGY SharePoint > Documents > Released Projects"
"58","10075","10075-02_ETS_EMD WF6 Expansion","Job / project folder","XNRGY SharePoint > Documents > Released Projects"
"59","10077","10077-01_ATS_ Inova Fairfax (IFOH) 1.5T MRI Replacement","Job / project folder","XNRGY SharePoint > Documents > Released Projects"
"60","10079","10079-01_XNR_Fan Array Mock-Up","Job / project folder","XNRGY SharePoint > Documents > Released Projects"
"61","10080","10080-02_GLR_Athens HS Fan Array","Job / project folder","XNRGY SharePoint > Documents > Released Projects"
"62","10081","10081-01_ITC_Café William","Job / project folder","XNRGY SharePoint > Documents > Released Projects"
"63","10083","10083-02_TRS_UNCW Randall","Job / project folder","XNRGY SharePoint > Documents > Released Projects"
"64","10084","10084-01_ATS_WRAIR bldg 503","Job / project folder","XNRGY SharePoint > Documents > Released Projects"
"65","10085","10085-01_NAP_15 Sagamore Ave","Job / project folder","XNRGY SharePoint > Documents > Released Projects"
"66","10086","10086-01_SAI_UC Marketpointe Dinning Hall","Job / project folder","XNRGY SharePoint > Documents > Released Projects"
"67","10087","10087-01_ICS_Bartow Regional Medical Center","Job / project folder","XNRGY SharePoint > Documents > Released Projects"
"68","10089","10089-01_NAP_Beverly Hospital","Job / project folder","XNRGY SharePoint > Documents > Released Projects"
"69","10090","10090-01_ICS_Nemours 5th floor","Job / project folder","XNRGY SharePoint > Documents > Released Projects"
"70","10091","10091-02_TRN_Brucejack Mine VOK","Job / project folder","XNRGY SharePoint > Documents > Released Projects"
"71","10092","10092-04_ATS_INOVA OPY","Job / project folder","XNRGY SharePoint > Documents > Released Projects"
"72","10093","10093-02_TRN_Sabina Mine O2 units","Job / project folder","XNRGY SharePoint > Documents > Released Projects"
"73","10094","10094-03_TRN_Queens Park Care Center","Job / project folder","XNRGY SharePoint > Documents > Released Projects"
"74","10095","10095-01_ITC_École de Mortagne","Job / project folder","XNRGY SharePoint > Documents > Released Projects"
"75","10096","10096-01_ATC_Nomar North","Job / project folder","XNRGY SharePoint > Documents > Released Projects"
"76","10097","10097-01-ATC_Nomar South","Job / project folder","XNRGY SharePoint > Documents > Released Projects"
"77","10098","10098-03_AES_TDSB - Lakeshore CI","Job / project folder","XNRGY SharePoint > Documents > Released Projects"
"78","10099","10099-03_JBI_Jubilant Hollisterstier","Job / project folder","XNRGY SharePoint > Documents > Released Projects"
"79","10100","10100-01_TRN_Brucejack Mine Knipple Shop","Job / project folder","XNRGY SharePoint > Documents > Released Projects"
"80","10101","10101-04_NEAP_The Beat","Job / project folder","XNRGY SharePoint > Documents > Released Projects"
"81","10102","10102-03_NEAP_IDB Phase 1B - MAU-3,4,5","Job / project folder","XNRGY SharePoint > Documents > Released Projects"
"82","10103","10103-01_TRN_LGH AHU refurbishiment","Job / project folder","XNRGY SharePoint > Documents > Released Projects"
"83","10104","10104-01_NAP_Wellesley Pendleton AHU","Job / project folder","XNRGY SharePoint > Documents > Released Projects"
"84","10105","10105-01_NAP_Wellesley Davis","Job / project folder","XNRGY SharePoint > Documents > Released Projects"
"85","10106","10106-03_NEAP_420 Rutherford","Job / project folder","XNRGY SharePoint > Documents > Released Projects"
"86","10107","10107-01_TRN_Ridge Meadows Hospital","Job / project folder","XNRGY SharePoint > Documents > Released Projects"
"87","10110","10110-02_DIR_Turntide R&D Cubes","Job / project folder","XNRGY SharePoint > Documents > Released Projects"
"88","10111","10111-05_NAP_200 West","Job / project folder","XNRGY SharePoint > Documents > Released Projects"
"89","10113","10113-04_ATC_Block 300","Job / project folder","XNRGY SharePoint > Documents > Released Projects"
"90","10114","10114-04_EIS_Capital One Arena","Job / project folder","XNRGY SharePoint > Documents > Released Projects"
"91","10114","10114-05-06-07-08_EIS_Capitol One Arena","Job / project folder","XNRGY SharePoint > Documents > Released Projects"
"92","10115","10115-01_ENV_Banner Del Webb","Job / project folder","XNRGY SharePoint > Documents > Released Projects"
"93","10116","10116-02_DIR_Atlantic Health System","Job / project folder","XNRGY SharePoint > Documents > Released Projects"
"94","10117","10117-01_ITC_École Cap-Soleil","Job / project folder","XNRGY SharePoint > Documents > Released Projects"
"95","10118","10118-10_ITC_ONO – Canabis","Job / project folder","XNRGY SharePoint > Documents > Released Projects"
"96","10119","10119-04_NEAP_CSG 3rd Floor","Job / project folder","XNRGY SharePoint > Documents > Released Projects"
"97","10120","10120-05_DIR_Demo Cube","Job / project folder","XNRGY SharePoint > Documents > Released Projects"
"98","10121","10121-01_NEAP_Tufts Building B","Job / project folder","XNRGY SharePoint > Documents > Released Projects"
"99","10122","10122-02_ATS_FDA White Oak - Bldgs 5272","Job / project folder","XNRGY SharePoint > Documents > Released Projects"
"100","10123","10123-04_ENV_ASU Replacement Fan Arrays","Job / project folder","XNRGY SharePoint > Documents > Released Projects"
"101","10124","10124-03_ATS_GMU Life Science and Engineering Building","Job / project folder","XNRGY SharePoint > Documents > Released Projects"
"102","10126","10126-01_ATS_Medstar Georgetown University Hospital","Job / project folder","XNRGY SharePoint > Documents > Released Projects"
"103","10127","10127-01_NEAP_The Beat - Equipment Housing","Job / project folder","XNRGY SharePoint > Documents > Released Projects"
"104","10128","10128-14_NEAP_IQHQ Alewife Park","Job / project folder","XNRGY SharePoint > Documents > Released Projects"
"105","10129","10129-01_ITC_Hopital Honore-Mercier","Job / project folder","XNRGY SharePoint > Documents > Released Projects"
"106","10131","10131-01_NEAP_MGH West First Floor","Job / project folder","XNRGY SharePoint > Documents > Released Projects"
"107","10132","10132-07_TRN_Vancouver General Hospital","Job / project folder","XNRGY SharePoint > Documents > Released Projects"
"108","10133","10133-03_ITC_Hopital Général Juif - Toiture Haute","Job / project folder","XNRGY SharePoint > Documents > Released Projects"
"109","10134","10134-01_ITC_Polyvalente Marcel-Landry","Job / project folder","XNRGY SharePoint > Documents > Released Projects"
"110","10135","10135-01_NEAP_CRADL Vivarium AHU Somerville","Job / project folder","XNRGY SharePoint > Documents > Released Projects"
"111","10136","10136-01_ATS_ICPH Bldg. B Pharmacy","Job / project folder","XNRGY SharePoint > Documents > Released Projects"
"112","10137","10137-01_ATS_INOVA Loudoun","Job / project folder","XNRGY SharePoint > Documents > Released Projects"
"113","10138","10138-01_MMS_Vyriad Expansion Project","Job / project folder","XNRGY SharePoint > Documents > Released Projects"
"114","10139","10139-01_DIR_XNRGY Arizona unit","Job / project folder","XNRGY SharePoint > Documents > Released Projects"
"115","10140","10140-01_JWS_Natatorium AHU - Frontier MS","Job / project folder","XNRGY SharePoint > Documents > Released Projects"
"116","10141","10141-02_AFT_UPMC Mercy Hospital","Job / project folder","XNRGY SharePoint > Documents > Released Projects"
"117","10142","10142-12_TRS_Mecklenburg County Government Center","Job / project folder","XNRGY SharePoint > Documents > Released Projects"
"118","10143","10143-02_TRN_AbCellera","Job / project folder","XNRGY SharePoint > Documents > Released Projects"
"119","10144","10144-08_NAP_Landmark P3","Job / project folder","XNRGY SharePoint > Documents > Released Projects"
"120","10145","10145-01_NEAP_State Transportation Building","Job / project folder","XNRGY SharePoint > Documents > Released Projects"
"121","10146","10146-02_AES_TDSB Ossington","Job / project folder","XNRGY SharePoint > Documents > Released Projects"
"122","10147","10147-03_ITC_Ecole St-Lin Laurentides","Job / project folder","XNRGY SharePoint > Documents > Released Projects"
"123","10148","10148-04_ATC_Cal Poly Kennedy Library Renovation","Job / project folder","XNRGY SharePoint > Documents > Released Projects"
"124","10150","10150-16_ETS_Gattuso Life Sciences","Job / project folder","XNRGY SharePoint > Documents > Released Projects"
"125","10151","10151-01_JWS_AHU-11-4","Job / project folder","XNRGY SharePoint > Documents > Released Projects"
"126","10152","10152-02_TRN_UBC Buchanan Tower Phase 7","Job / project folder","XNRGY SharePoint > Documents > Released Projects"
"127","10153","10153-03_TRN_SFU LDC","Job / project folder","XNRGY SharePoint > Documents > Released Projects"
"128","10154","10154-01 (RD0023)_AWS_DAHU_Fan_Array","Job / project folder","XNRGY SharePoint > Documents > Released Projects"
"129","10155","10155-01(RD0016)_DX_Subcooler_Mockup_Unit","Job / project folder","XNRGY SharePoint > Documents > Released Projects"
"130","10156","10156-01_ITC_Park La Louisiane VRV Housing","Job / project folder","XNRGY SharePoint > Documents > Released Projects"
"131","10157","10157-01_DIR_Kregse","Job / project folder","XNRGY SharePoint > Documents > Released Projects"
"132","10158","10158-02_XNRGY_XNRGY Expansion Phase 2","Job / project folder","XNRGY SharePoint > Documents > Released Projects"
"133","10159","10159-01_ATS_INOVA Reston Emergency Center (ECC)","Job / project folder","XNRGY SharePoint > Documents > Released Projects"
"134","10160","10160-01 (RD0024-01)_XNR_MTE  R&D Cubes","Job / project folder","XNRGY SharePoint > Documents > Released Projects"
"135","10161","10161-02_TRN_VGH OR Phase 2 Exhaust System","Job / project folder","XNRGY SharePoint > Documents > Released Projects"
"136","10162","10162-02_EIS_Total Mortgage Arena","Job / project folder","XNRGY SharePoint > Documents > Released Projects"
"137","10163","10163-01_ATS_Triad","Job / project folder","XNRGY SharePoint > Documents > Released Projects"
"138","10164","10164-06_TRN NY_Astoria","Job / project folder","XNRGY SharePoint > Documents > Released Projects"
"139","10165","10165-02_ITC_Hopital Dolbeau","Job / project folder","XNRGY SharePoint > Documents > Released Projects"
"140","10166","10166_Face Book Demo","Job / project folder","XNRGY SharePoint > Documents > Released Projects"
"141","10166","10166-01_DIR_Face Book Demo","Job / project folder","XNRGY SharePoint > Documents > Released Projects"
"142","10167","10167-03_ATS_MD Science Center","Job / project folder","XNRGY SharePoint > Documents > Released Projects"
"143","10168","10168-01_TRS_RTP 200 Building","Job / project folder","XNRGY SharePoint > Documents > Released Projects"
"144","10169","10169-04_ATC_UCSF Byers Hall","Job / project folder","XNRGY SharePoint > Documents > Released Projects"
"145","10170","10170-02_ATC_UCSF Rock Hall","Job / project folder","XNRGY SharePoint > Documents > Released Projects"
"146","10174","10174-01_JWS_Medina MS","Job / project folder","XNRGY SharePoint > Documents > Released Projects"
"147","10175","10175-01_ITC_Complexe Scientifique MAPAQ","Job / project folder","XNRGY SharePoint > Documents > Released Projects"
"148","10181","10181 (RD0026)_XNRGY CRAH","Job / project folder","XNRGY SharePoint > Documents > Released Projects"
"149","10197","10197-02 (RD0020-02)_XNR_OSHPD Certification","Job / project folder","XNRGY SharePoint > Documents > Released Projects"
"150","10198","10198-02_ITC_Ecole la Passerelle","Job / project folder","XNRGY SharePoint > Documents > Released Projects"
"151","10201","10201-03_ICS_MSMC Miami","Job / project folder","XNRGY SharePoint > Documents > Released Projects"
"152","10202","10202-01_DIR_BMW AHU 229 Supply","Job / project folder","XNRGY SharePoint > Documents > Released Projects"
"153","10203","10203-02_DIR_BMW AHU 402 SA-RA","Job / project folder","XNRGY SharePoint > Documents > Released Projects"
"154","10205","10205-03_NEAP_DFCI-Fan Replacement","Job / project folder","XNRGY SharePoint > Documents > Released Projects"
"155","10209","10209-02-MPSW-BDMC Renewal","Job / project folder","XNRGY SharePoint > Documents > Released Projects"
"156","10212","10212_ATC_Berkeley Commons","Job / project folder","XNRGY SharePoint > Documents > Released Projects"
"157","10217","10217-05_ITC_Polyvalente de Donnacona","Job / project folder","XNRGY SharePoint > Documents > Released Projects"
"158","10233","10233-02-ATC-11099 NTP AHU","Job / project folder","XNRGY SharePoint > Documents > Released Projects"
"159","10234","10234-108_MMS_NOVVA Data Center","Job / project folder","XNRGY SharePoint > Documents > Released Projects"
"160","10235","10235-01_ITC_Residence Saputo","Job / project folder","XNRGY SharePoint > Documents > Released Projects"
"161","10240","10240_DEMO Unit","Job / project folder","XNRGY SharePoint > Documents > Released Projects"
"162","10240","10240-01_DEMO UNIT","Job / project folder","XNRGY SharePoint > Documents > Released Projects"
"163","10244","10244-05_JBI_JHS Line 4 Expansion","Job / project folder","XNRGY SharePoint > Documents > Released Projects"
"164","10245","10245-01_JWS_Cornell SAS","Job / project folder","XNRGY SharePoint > Documents > Released Projects"
"165","10247","10247_MPSW_BDWMC Tower D","Job / project folder","XNRGY SharePoint > Documents > Released Projects"
"166","10251","10251-34_ATC_Tesla GFTX Data Center","Job / project folder","XNRGY SharePoint > Documents > Released Projects"
"167","10255","10255-02_ATC_11025 NTPR","Job / project folder","XNRGY SharePoint > Documents > Released Projects"
"168","10258","10258-04_ITC_Champlain Hudson Power Express","Job / project folder","XNRGY SharePoint > Documents > Released Projects"
"169","10259","10259-04_ITC_NECEC CA","Job / project folder","XNRGY SharePoint > Documents > Released Projects"
"170","10264","10264-04_ITC_NECEC US","Job / project folder","XNRGY SharePoint > Documents > Released Projects"
"171","10266","10266-40_YSCC_LG ALPHA","Job / project folder","XNRGY SharePoint > Documents > Released Projects"
"172","10268","10268-02_ICS_Broward Health","Job / project folder","XNRGY SharePoint > Documents > Released Projects"
"173","10270","10270-02_TRN_City of Mesa","Job / project folder","XNRGY SharePoint > Documents > Released Projects"
"174","10285","10285-02_TRN_Chilliwack General Hospital_1","Job / project folder","XNRGY SharePoint > Documents > Released Projects"
"175","10291","10291-02_TRN_Chilliwack General Hospital_2","Job / project folder","XNRGY SharePoint > Documents > Released Projects"
"176","10297","10297-06_TMN_DTE Walker Cisler Building","Job / project folder","XNRGY SharePoint > Documents > Released Projects"
"177","10298","10298-196_WCR_MKE03 Data Center","Job / project folder","XNRGY SharePoint > Documents > Released Projects"
"178","10316","10316-02_ICS_MSMC FSER Westchester","Job / project folder","XNRGY SharePoint > Documents > Released Projects"
"179","10352","10352-01_ATC_6th and Main","Job / project folder","XNRGY SharePoint > Documents > Released Projects"
"180","10354","10354-02_TRN_Meriter","Job / project folder","XNRGY SharePoint > Documents > Released Projects"
"181","10359","10359-16_ATS_INOVA Landmark Hospital","Job / project folder","XNRGY SharePoint > Documents > Released Projects"
"182","10380","10380-02_NEAP_Connecticut Proton Therapy Center","Job / project folder","XNRGY SharePoint > Documents > Released Projects"
"183","10381","10381-15_ATS_INOVA Springfield Hospital","Job / project folder","XNRGY SharePoint > Documents > Released Projects"
"184","10394","10394-06_DIR_XNRGY-Infinitum Lifecyle Tests","Job / project folder","XNRGY SharePoint > Documents > Released Projects"
"185","10397","10397-02 _MJEC_Lakeline Mall Mammoth Replacements","Job / project folder","XNRGY SharePoint > Documents > Released Projects"
"186","10399","10399-22_ATC_Tesla GFTX Data Center Phase 2","Job / project folder","XNRGY SharePoint > Documents > Released Projects"
"187","10411","10411-01_TRN_Henry Ford RF-5P","Job / project folder","XNRGY SharePoint > Documents > Released Projects"
"188","10412","10412-04_ATC_2001 Clayton","Job / project folder","XNRGY SharePoint > Documents > Released Projects"
"189","10426","10426-01_ATS_INOVA Landmark Cancer Center","Job / project folder","XNRGY SharePoint > Documents > Released Projects"
"190","10447","10447_ATS_ASR-10124-0014","Job / project folder","XNRGY SharePoint > Documents > Released Projects"
"191","10450","10450-112_MJEC_Starwood Capital Data Center","Job / project folder","XNRGY SharePoint > Documents > Released Projects"
"192","10455","10455","Job / project folder","XNRGY SharePoint > Documents > Released Projects"
"193","10457","10457-01_TRN_Goose","Job / project folder","XNRGY SharePoint > Documents > Released Projects"
"194","10462","10462-04_EIS_Delta Center - Utah","Job / project folder","XNRGY SharePoint > Documents > Released Projects"
"195","10477","10477-01_AMZ_Nemours Hospital","Job / project folder","XNRGY SharePoint > Documents > Released Projects"
"196","10486","10486-02_NEAP_Milford Hospital","Job / project folder","XNRGY SharePoint > Documents > Released Projects"
"197","10496","10496-75_DIR_Yondr YYZ","Job / project folder","XNRGY SharePoint > Documents > Released Projects"
"198","10507","10507-02_TRN _B2Gold Power Plant (Sabina Mine)","Job / project folder","XNRGY SharePoint > Documents > Released Projects"
"199","10516","10516-01_EIS_Capital One Arena Renovation","Job / project folder","XNRGY SharePoint > Documents > Released Projects"
"200","10517","10517-11_HCS_ UVA Manning Inst. of Biotechnology","Job / project folder","XNRGY SharePoint > Documents > Released Projects"
"201","10518","10518_TRN_VGH OR renewal","Job / project folder","XNRGY SharePoint > Documents > Released Projects"
"202","10553","10553-01_XNR_RND XNRGY FAN","Job / project folder","XNRGY SharePoint > Documents > Released Projects"
"203","10558","10558-02_DIR_DRUPS","Job / project folder","XNRGY SharePoint > Documents > Released Projects"
"204","10579","10579-01-MMJ_Lakeline Mall Mammoth-Phase 2","Job / project folder","XNRGY SharePoint > Documents > Released Projects"
"205","10595","10595-48_MMJ_Starwood Capital WESTFAX 4.5A","Job / project folder","XNRGY SharePoint > Documents > Released Projects"
"206","10601","10601-01_ATC_Healthpeak 10355 FA","Job / project folder","XNRGY SharePoint > Documents > Released Projects"
"207","10609","10609-02_DIR_AWS Test Unit","Job / project folder","XNRGY SharePoint > Documents > Released Projects"
"208","10620","10620_DIR_ORD4 Data Hall","Job / project folder","XNRGY SharePoint > Documents > Released Projects"
"209","10624","10624-07_XNR_600kW XnCRAH","Job / project folder","XNRGY SharePoint > Documents > Released Projects"
"210","10631","10631_AMZ_Lisle ORD data hall phase 2","Job / project folder","XNRGY SharePoint > Documents > Released Projects"
"211","10642","10642-02_DIR_MAD-01","Job / project folder","XNRGY SharePoint > Documents > Released Projects"
"212","10972","10972_SOT_Entosystem","Job / project folder","XNRGY SharePoint > Documents > Released Projects"
"213","10976","10976-01_ATC_33 New Montgomery FA","Job / project folder","XNRGY SharePoint > Documents > Released Projects"
"214","10982","10982_HCS_TA Realty – Ellenwood","Job / project folder","XNRGY SharePoint > Documents > Released Projects"
"215","10984","10984-01_ATC_Apple AHU-5 Fan Array","Job / project folder","XNRGY SharePoint > Documents > Released Projects"
"216","10992","10992_MMJ_Applied Digital (APLD) AEX01","Job / project folder","XNRGY SharePoint > Documents > Released Projects"
"217","10999","10999_ ATC-Millbrae Station 3","Job / project folder","XNRGY SharePoint > Documents > Released Projects"
"218","11001","11001_DIR_MKE16","Job / project folder","XNRGY SharePoint > Documents > Released Projects"
"219","11001","11001-02_MKE16","Job / project folder","XNRGY SharePoint > Documents > Released Projects"
"220","11006","11006-01_XNRGY MESA UNIT","Job / project folder","XNRGY SharePoint > Documents > Released Projects"
"221","3100","3100_ATS_Clarendon","Job / project folder","XNRGY SharePoint > Documents > Released Projects"
"222","40000","40000-28_DIR_Sabey COL-E Shell & Core + Data Hall 2","Job / project folder","XNRGY SharePoint > Documents > Released Projects"
"223","40002","40002-192_MMJ_Starwood FCW - RTP E Site","Job / project folder","XNRGY SharePoint > Documents > Released Projects"
"224","40003","40003-928_ATC_Crusoe","Job / project folder","XNRGY SharePoint > Documents > Released Projects"
"225","40008","40008-06_DIR_Texas Instrument LFAB","Job / project folder","XNRGY SharePoint > Documents > Released Projects"
"226","40009","40009-28_DIR_Sabey COL-E1","Job / project folder","XNRGY SharePoint > Documents > Released Projects"
"227","40010","40010_Crusoe_Amarillo","Job / project folder","XNRGY SharePoint > Documents > Released Projects"
"228","40011","40011_Crusoe_Abilene","Job / project folder","XNRGY SharePoint > Documents > Released Projects"
"229","40014","40014-148_ATC_Project Llano B1","Job / project folder","XNRGY SharePoint > Documents > Released Projects"
"230","40015","40015-144_ATC_Project Llano B2","Job / project folder","XNRGY SharePoint > Documents > Released Projects"
"231","40022","40022_ATC_Abilene B5 through B8 FCA Replacements","Job / project folder","XNRGY SharePoint > Documents > Released Projects"
"232","40029","40029_DIR_Nscale - West Texas CRAH units","Job / project folder","XNRGY SharePoint > Documents > Released Projects"
"233","40030","40030-68_ATC_Crusoe Llano Building 3","Job / project folder","XNRGY SharePoint > Documents > Released Projects"
"234","40031","40031-68_ATC_Crusoe Llano Building 4","Job / project folder","XNRGY SharePoint > Documents > Released Projects"
"235","40032","40032_DIR_Nebius","Job / project folder","XNRGY SharePoint > Documents > Released Projects"
"236","40033","40033_ATC_Abilene B5 through B8 FCA Replacements (P2)","Job / project folder","XNRGY SharePoint > Documents > Released Projects"
"237","40034","40034_ATC_Abilene B5 through B8 Network Replacement","Job / project folder","XNRGY SharePoint > Documents > Released Projects"
"238","40041","40041_DIR_Nebius (CRAH)","Job / project folder","XNRGY SharePoint > Documents > Released Projects"
"239","40046","40046_ATC_Crusoe Llano Building 4","Job / project folder","XNRGY SharePoint > Documents > Released Projects"
"240","40061","40061-01_ATC_Crusoe Abilene B5-B8 FCA Replacement","Job / project folder","XNRGY SharePoint > Documents > Released Projects"
"241","","ASR","Supporting or R&D folder","XNRGY SharePoint > Documents > Released Projects"
"242","","ASR TEMPLATE FOLDER","Supporting or R&D folder","XNRGY SharePoint > Documents > Released Projects"
"243","","BOL Transferts d’entrepôts","Supporting or R&D folder","XNRGY SharePoint > Documents > Released Projects"
"244","","CRATE 17-18","Supporting or R&D folder","XNRGY SharePoint > Documents > Released Projects"
"245","","CRATE 19","Supporting or R&D folder","XNRGY SharePoint > Documents > Released Projects"
"246","","FSI EARTH CITY","Supporting or R&D folder","XNRGY SharePoint > Documents > Released Projects"
"247","","Plancher FST-10298-19-M1","Supporting or R&D folder","XNRGY SharePoint > Documents > Released Projects"
"248","","RD0012-07_XNR_AMCA Test","Supporting or R&D folder","XNRGY SharePoint > Documents > Released Projects"
"249","","RD0019-03_XNR_AMCA Test Infinitum","Supporting or R&D folder","XNRGY SharePoint > Documents > Released Projects"
"250","","RD0022_Sound Test","Supporting or R&D folder","XNRGY SharePoint > Documents > Released Projects"
"251","","RD0024-01 (10160-01)_XNR_MTE R&D Cubes","Supporting or R&D folder","XNRGY SharePoint > Documents > Released Projects"
"252","","Reworld","Supporting or R&D folder","XNRGY SharePoint > Documents > Released Projects"
"253","","RNC000818","Supporting or R&D folder","XNRGY SharePoint > Documents > Released Projects"
"254","","Sales","Supporting or R&D folder","XNRGY SharePoint > Documents > Released Projects"
"255","","SUPER RADIATOR","Supporting or R&D folder","XNRGY SharePoint > Documents > Released Projects"
"256","","XNRGY - Quality","Supporting or R&D folder","XNRGY SharePoint > Documents > Released Projects"
