Unit Tag,Unit Type,Location,CxAlloy Status,CxAlloy URL
"TOR1A-AHU_F-DH-01","AHUs","Roof","Red Tag Complete","https://tq.cxalloy.com/project/40206/equipment/9089891"
"TOR1A-AHU_F-DH-02","AHUs","Roof","Red Tag Complete","https://tq.cxalloy.com/project/40206/equipment/9089892"
"TOR1A-AHU_F-DH-03","AHUs","Roof","Ready for Startup (Yellow Tag Complete)","https://tq.cxalloy.com/project/40206/equipment/9089893"
"TOR1A-AHU-FOH-01","AHUs","Roof","Red Tag Complete","https://tq.cxalloy.com/project/40206/equipment/9089894"
"TOR1A-CH_A-DH1-01","Air Cooled Chillers","Roof","Red Tag Complete","https://tq.cxalloy.com/project/40206/equipment/9089920"
"TOR1A-CH_A-DH1-02","Air Cooled Chillers","Roof","Red Tag Complete","https://tq.cxalloy.com/project/40206/equipment/9089921"
"TOR1A-CH_A-DH1-03","Air Cooled Chillers","Roof","Red Tag Complete","https://tq.cxalloy.com/project/40206/equipment/9089922"
"TOR1A-CH_A-DH1-04","Air Cooled Chillers","Roof","Red Tag Complete","https://tq.cxalloy.com/project/40206/equipment/9089923"
"TOR1A-CH_A-DH1-05","Air Cooled Chillers","Roof","Red Tag Complete","https://tq.cxalloy.com/project/40206/equipment/9089924"
"TOR1A-CH_A-DH2-01","Air Cooled Chillers","Roof","Ready for Startup (Yellow Tag Complete)","https://tq.cxalloy.com/project/40206/equipment/9089926"
"TOR1A-CH_A-DH2-03","Air Cooled Chillers","Roof","Ready for Startup (Yellow Tag Complete)","https://tq.cxalloy.com/project/40206/equipment/9089928"
"TOR1A-CH_A-DH2-05","Air Cooled Chillers","Roof","Ready for Startup (Yellow Tag Complete)","https://tq.cxalloy.com/project/40206/equipment/9089930"
"TOR1A-CH_A-DH2-06","Air Cooled Chillers","Roof","Ready for Startup (Yellow Tag Complete)","https://tq.cxalloy.com/project/40206/equipment/9089931"
"TOR1A-CH_A-DH2-07","Air Cooled Chillers","Roof","Ready for Startup (Yellow Tag Complete)","https://tq.cxalloy.com/project/40206/equipment/9089932"
"TOR1A-CH_A-DH2-08","Air Cooled Chillers","Roof","Ready for Startup (Yellow Tag Complete)","https://tq.cxalloy.com/project/40206/equipment/9089933"
"TOR1A-CH_A-DH3-01","Air Cooled Chillers","Roof","Ready for Startup (Yellow Tag Complete)","https://tq.cxalloy.com/project/40206/equipment/9089934"
"TOR1A-CH_A-DH3-02","Air Cooled Chillers","Roof","Ready for Startup (Yellow Tag Complete)","https://tq.cxalloy.com/project/40206/equipment/9089935"
"TOR1A-CH_A-DH3-03","Air Cooled Chillers","Roof","Ready for Startup (Yellow Tag Complete)","https://tq.cxalloy.com/project/40206/equipment/9089936"
"TOR1A-CH_A-DH3-04","Air Cooled Chillers","Roof","Ready for Startup (Yellow Tag Complete)","https://tq.cxalloy.com/project/40206/equipment/9089937"
"TOR1A-CH_A-DH3-05","Air Cooled Chillers","Roof","Ready for Startup (Yellow Tag Complete)","https://tq.cxalloy.com/project/40206/equipment/9089938"
"TOR1A-CH_A-DH3-06","Air Cooled Chillers","Roof","Ready for Startup (Yellow Tag Complete)","https://tq.cxalloy.com/project/40206/equipment/9089939"
"TOR1A-CRAH-157-01","CRAH","UPS Electrical Room","Not Installed","https://tq.cxalloy.com/project/40206/equipment/9089940"
"TOR1A-CRAH-158-01","CRAH","UPS Electrical Room","Not Installed","https://tq.cxalloy.com/project/40206/equipment/9089941"
"TOR1A-CRAH-159-01","CRAH","UPS Electrical Room","Not Installed","https://tq.cxalloy.com/project/40206/equipment/9089942"
"TOR1A-CRAH-160-01","CRAH","UPS Electrical Room","Not Installed","https://tq.cxalloy.com/project/40206/equipment/9089943"
"TOR1A-CRAH-161-01","CRAH","UPS Electrical Room","Not Installed","https://tq.cxalloy.com/project/40206/equipment/9089944"
"TOR1A-CRAH-162-01","CRAH","UPS Electrical Room","Not Installed","https://tq.cxalloy.com/project/40206/equipment/9089945"
"TOR1A-CRAH-163-01","CRAH","UPS Electrical Room","Not Installed","https://tq.cxalloy.com/project/40206/equipment/9089946"
"TOR1A-CRAH-258-01","CRAH","UPS Electrical Room","Ready for Startup (Yellow Tag Complete)","https://tq.cxalloy.com/project/40206/equipment/9089947"
"TOR1A-CRAH-259-01","CRAH","UPS Electrical Room","Ready for Startup (Yellow Tag Complete)","https://tq.cxalloy.com/project/40206/equipment/9089948"
"TOR1A-CRAH-260-01","CRAH","UPS Electrical Room","Ready for Startup (Yellow Tag Complete)","https://tq.cxalloy.com/project/40206/equipment/9089949"
"TOR1A-CRAH-261-01","CRAH","UPS Electrical Room","Ready for Startup (Yellow Tag Complete)","https://tq.cxalloy.com/project/40206/equipment/9089950"
"TOR1A-CRAH-262-01","CRAH","UPS Electrical Room","Ready for Startup (Yellow Tag Complete)","https://tq.cxalloy.com/project/40206/equipment/9089951"
"TOR1A-CRAH-263-01","CRAH","UPS Electrical Room","Ready for Startup (Yellow Tag Complete)","https://tq.cxalloy.com/project/40206/equipment/9089952"
"TOR1A-CRAH-264-01","CRAH","UPS Electrical Room","Ready for Startup (Yellow Tag Complete)","https://tq.cxalloy.com/project/40206/equipment/9089953"
"TOR1A-CRAH-266-01","CRAH","IDF 266","Red Tag Complete","https://tq.cxalloy.com/project/40206/equipment/9089954"
"TOR1A-CRAH-266-02","CRAH","IDF 266","Red Tag Complete","https://tq.cxalloy.com/project/40206/equipment/9089955"
"TOR1A-CRAH-359-01","CRAH","UPS Electrical Room","Ready for Startup (Yellow Tag Complete)","https://tq.cxalloy.com/project/40206/equipment/9089956"
"TOR1A-CRAH-360-01","CRAH","UPS Electrical Room","Ready for Startup (Yellow Tag Complete)","https://tq.cxalloy.com/project/40206/equipment/9089957"
"TOR1A-CRAH-361-01","CRAH","UPS Electrical Room","Ready for Startup (Yellow Tag Complete)","https://tq.cxalloy.com/project/40206/equipment/9089958"
"TOR1A-CRAH-362-01","CRAH","UPS Electrical Room","Ready for Startup (Yellow Tag Complete)","https://tq.cxalloy.com/project/40206/equipment/9089959"
"TOR1A-CRAH-363-01","CRAH","UPS Electrical Room","Ready for Startup (Yellow Tag Complete)","https://tq.cxalloy.com/project/40206/equipment/9089960"
"TOR1A-CRAH-364-01","CRAH","UPS Electrical Room","Ready for Startup (Yellow Tag Complete)","https://tq.cxalloy.com/project/40206/equipment/9089961"
"TOR1A-CRAH-365-01","CRAH","UPS Electrical Room","Ready for Startup (Yellow Tag Complete)","https://tq.cxalloy.com/project/40206/equipment/9089962"
"TOR1A-CRAH-367-01","CRAH","IDF 367","Red Tag Complete","https://tq.cxalloy.com/project/40206/equipment/9089963"
"TOR1A-CRAH-367-02","CRAH","IDF 367","Red Tag Complete","https://tq.cxalloy.com/project/40206/equipment/9089964"
"TOR1A-CRAH-DH1-01","CRAH","DH1","Red Tag Complete","https://tq.cxalloy.com/project/40206/equipment/9089965"
"TOR1A-CRAH-DH1-02","CRAH","DH1","Red Tag Complete","https://tq.cxalloy.com/project/40206/equipment/9089966"
"TOR1A-CRAH-DH1-03","CRAH","DH1","Red Tag Complete","https://tq.cxalloy.com/project/40206/equipment/9089967"
"TOR1A-CRAH-DH1-04","CRAH","DH1","Red Tag Complete","https://tq.cxalloy.com/project/40206/equipment/9089968"
"TOR1A-CRAH-DH1-05","CRAH","DH1","Red Tag Complete","https://tq.cxalloy.com/project/40206/equipment/9089969"
"TOR1A-CRAH-DH1-06","CRAH","DH1","Red Tag Complete","https://tq.cxalloy.com/project/40206/equipment/9089970"
"TOR1A-CRAH-DH1-07","CRAH","DH1","Red Tag Complete","https://tq.cxalloy.com/project/40206/equipment/9089971"
"TOR1A-CRAH-DH1-08","CRAH","DH1","Red Tag Complete","https://tq.cxalloy.com/project/40206/equipment/9089972"
"TOR1A-CRAH-DH1-09","CRAH","DH1","Red Tag Complete","https://tq.cxalloy.com/project/40206/equipment/9089973"
"TOR1A-CRAH-DH1-10","CRAH","DH1","Red Tag Complete","https://tq.cxalloy.com/project/40206/equipment/9089974"
"TOR1A-CRAH-DH1-11","CRAH","DH1","Red Tag Complete","https://tq.cxalloy.com/project/40206/equipment/9089975"
"TOR1A-CRAH-DH1-12","CRAH","DH1","Red Tag Complete","https://tq.cxalloy.com/project/40206/equipment/9089976"
"TOR1A-CRAH-DH1-13","CRAH","DH1","Red Tag Complete","https://tq.cxalloy.com/project/40206/equipment/9089977"
"TOR1A-CRAH-DH1-14","CRAH","DH1","Red Tag Complete","https://tq.cxalloy.com/project/40206/equipment/9089978"
"TOR1A-CRAH-DH1-15","CRAH","DH1","Red Tag Complete","https://tq.cxalloy.com/project/40206/equipment/9089979"
"TOR1A-CRAH-DH1-16","CRAH","DH1","Red Tag Complete","https://tq.cxalloy.com/project/40206/equipment/9089980"
"TOR1A-CRAH-DH1-17","CRAH","DH1","Red Tag Complete","https://tq.cxalloy.com/project/40206/equipment/9089981"
"TOR1A-CRAH-DH1-18","CRAH","DH1","Red Tag Complete","https://tq.cxalloy.com/project/40206/equipment/9089982"
"TOR1A-CRAH-DH2-01","CRAH","DH2","Ready for Startup (Yellow Tag Complete)","https://tq.cxalloy.com/project/40206/equipment/9089983"
"TOR1A-CRAH-DH2-02","CRAH","DH2","Ready for Startup (Yellow Tag Complete)","https://tq.cxalloy.com/project/40206/equipment/9089984"
"TOR1A-CRAH-DH2-03","CRAH","DH2","Ready for Startup (Yellow Tag Complete)","https://tq.cxalloy.com/project/40206/equipment/9089985"
"TOR1A-CRAH-DH2-04","CRAH","DH2","Ready for Startup (Yellow Tag Complete)","https://tq.cxalloy.com/project/40206/equipment/9089986"
"TOR1A-CRAH-DH2-05","CRAH","DH2","Ready for Startup (Yellow Tag Complete)","https://tq.cxalloy.com/project/40206/equipment/9089987"
"TOR1A-CRAH-DH2-06","CRAH","DH2","Ready for Startup (Yellow Tag Complete)","https://tq.cxalloy.com/project/40206/equipment/9089988"
"TOR1A-CRAH-DH2-07","CRAH","DH2","Ready for Startup (Yellow Tag Complete)","https://tq.cxalloy.com/project/40206/equipment/9089989"
"TOR1A-CRAH-DH2-08","CRAH","DH2","Ready for Startup (Yellow Tag Complete)","https://tq.cxalloy.com/project/40206/equipment/9089990"
"TOR1A-CRAH-DH2-09","CRAH","DH2","Ready for Startup (Yellow Tag Complete)","https://tq.cxalloy.com/project/40206/equipment/9089991"
"TOR1A-CRAH-DH2-10","CRAH","DH2","Ready for Startup (Yellow Tag Complete)","https://tq.cxalloy.com/project/40206/equipment/9089992"
"TOR1A-CRAH-DH2-11","CRAH","DH2","Ready for Startup (Yellow Tag Complete)","https://tq.cxalloy.com/project/40206/equipment/9089993"
"TOR1A-CRAH-DH2-12","CRAH","DH2","Ready for Startup (Yellow Tag Complete)","https://tq.cxalloy.com/project/40206/equipment/9089994"
"TOR1A-CRAH-DH2-13","CRAH","DH2","Ready for Startup (Yellow Tag Complete)","https://tq.cxalloy.com/project/40206/equipment/9089995"
"TOR1A-CRAH-DH2-14","CRAH","DH2","Ready for Startup (Yellow Tag Complete)","https://tq.cxalloy.com/project/40206/equipment/9089996"
"TOR1A-CRAH-DH2-15","CRAH","DH2","Ready for Startup (Yellow Tag Complete)","https://tq.cxalloy.com/project/40206/equipment/9089997"
"TOR1A-CRAH-DH2-16","CRAH","DH2","Ready for Startup (Yellow Tag Complete)","https://tq.cxalloy.com/project/40206/equipment/9089998"
"TOR1A-CRAH-DH2-17","CRAH","DH2","Ready for Startup (Yellow Tag Complete)","https://tq.cxalloy.com/project/40206/equipment/9089999"
"TOR1A-CRAH-DH2-18","CRAH","DH2","Ready for Startup (Yellow Tag Complete)","https://tq.cxalloy.com/project/40206/equipment/9090000"
"TOR1A-CRAH-DH3-01","CRAH","DH3","Ready for Startup (Yellow Tag Complete)","https://tq.cxalloy.com/project/40206/equipment/9090001"
"TOR1A-CRAH-DH3-02","CRAH","DH3","Ready for Startup (Yellow Tag Complete)","https://tq.cxalloy.com/project/40206/equipment/9090002"
"TOR1A-CRAH-DH3-03","CRAH","DH3","Ready for Startup (Yellow Tag Complete)","https://tq.cxalloy.com/project/40206/equipment/9090003"
"TOR1A-CRAH-DH3-04","CRAH","DH3","Ready for Startup (Yellow Tag Complete)","https://tq.cxalloy.com/project/40206/equipment/9090004"
"TOR1A-CRAH-DH3-05","CRAH","DH3","Ready for Startup (Yellow Tag Complete)","https://tq.cxalloy.com/project/40206/equipment/9090005"
"TOR1A-CRAH-DH3-06","CRAH","DH3","Ready for Startup (Yellow Tag Complete)","https://tq.cxalloy.com/project/40206/equipment/9090006"
"TOR1A-CRAH-DH3-07","CRAH","DH3","Ready for Startup (Yellow Tag Complete)","https://tq.cxalloy.com/project/40206/equipment/9090007"
"TOR1A-CRAH-DH3-08","CRAH","DH3","Ready for Startup (Yellow Tag Complete)","https://tq.cxalloy.com/project/40206/equipment/9090008"
"TOR1A-CRAH-DH3-09","CRAH","DH3","Ready for Startup (Yellow Tag Complete)","https://tq.cxalloy.com/project/40206/equipment/9090009"
"TOR1A-CRAH-DH3-10","CRAH","DH3","Ready for Startup (Yellow Tag Complete)","https://tq.cxalloy.com/project/40206/equipment/9090010"
"TOR1A-CRAH-DH3-11","CRAH","DH3","Ready for Startup (Yellow Tag Complete)","https://tq.cxalloy.com/project/40206/equipment/9090011"
"TOR1A-CRAH-DH3-12","CRAH","DH3","Ready for Startup (Yellow Tag Complete)","https://tq.cxalloy.com/project/40206/equipment/9090012"
"TOR1A-CRAH-DH3-13","CRAH","DH3","Ready for Startup (Yellow Tag Complete)","https://tq.cxalloy.com/project/40206/equipment/9090013"
"TOR1A-CRAH-DH3-14","CRAH","DH3","Ready for Startup (Yellow Tag Complete)","https://tq.cxalloy.com/project/40206/equipment/9090014"
"TOR1A-CRAH-DH3-15","CRAH","DH3","Ready for Startup (Yellow Tag Complete)","https://tq.cxalloy.com/project/40206/equipment/9090015"
"TOR1A-CRAH-DH3-16","CRAH","DH3","Ready for Startup (Yellow Tag Complete)","https://tq.cxalloy.com/project/40206/equipment/9090016"
"TOR1A-CRAH-DH3-17","CRAH","DH3","Ready for Startup (Yellow Tag Complete)","https://tq.cxalloy.com/project/40206/equipment/9090017"
"TOR1A-CRAH-DH3-18","CRAH","DH3","Ready for Startup (Yellow Tag Complete)","https://tq.cxalloy.com/project/40206/equipment/9090018"